"Location_Id","Sensor_Eui","Validity_Start","Validity_End","Location","St_X","St_Y","Altitude_Masl","Roomname","Mazemap_Floor","Last_Changed"
"1","a8:17:58:ff:fe:03:62:a7","-infinity","infinity","0101000020E6100000000000A001701B4000000000881E4A40","6.859381198883057","52.238525390625","None","WH117","1","2022-12-02 11:00:45.762182+01:00"
"3","a8:17:58:ff:fe:03:62:b3","-infinity","infinity","0101000020E6100000000000A0DC691B40000000603A1F4A40","6.8533806800842285","52.24396896362305","None","VR170","1","2022-12-02 11:17:04.708598+01:00"
"4","a8:17:58:ff:fe:03:62:b4","-infinity","infinity","0101000020E610000000000000E9691B4000000080391F4A40","6.853427886962891","52.24394226074219","None","VR171","1","2022-12-02 11:17:04.710364+01:00"
"5","a8:17:58:ff:fe:03:62:b5","-infinity","infinity","0101000020E6100000000000A0F1691B4000000020391F4A40","6.853460788726807","52.24393081665039","None","VR172","1","2022-12-02 11:17:04.712016+01:00"
"6","a8:17:58:ff:fe:03:62:b7","-infinity","infinity","0101000020E610000000000060FE691B4000000080381F4A40","6.853509426116943","52.24391174316406","None","VR174","1","2022-12-02 11:17:04.713706+01:00"
"7","a8:17:58:ff:fe:03:62:b9","-infinity","infinity","0101000020E6100000000000200A6A1B4000000000381F4A40","6.8535542488098145","52.243896484375","None","VR176","1","2022-12-02 11:17:04.715257+01:00"
"8","a8:17:58:ff:fe:03:62:ba","-infinity","infinity","0101000020E6100000000000E0156A1B4000000060371F4A40","6.8535990715026855","52.24387741088867","None","VR178","1","2022-12-02 11:17:04.716810+01:00"
"9","a8:17:58:ff:fe:03:62:bb","-infinity","infinity","0101000020E6100000000000400A6A1B4000000000361F4A40","6.853554725646973","52.24383544921875","None","VR180","1","2022-12-02 11:17:04.718504+01:00"
"10","a8:17:58:ff:fe:03:62:bc","-infinity","infinity","0101000020E6100000000000E0196A1B4000000080391F4A40","6.853614330291748","52.24394226074219","None","VR193A","1","2022-12-02 11:17:04.720462+01:00"
"11","a8:17:58:ff:fe:03:62:be","-infinity","infinity","0101000020E6100000000000A0326A1B40000000203C1F4A40","6.853708744049072","52.244022369384766","None","VR193D","1","2022-12-02 11:17:04.722237+01:00"
"12","a8:17:58:ff:fe:03:62:c1","-infinity","infinity","0101000020E6100000000000E0596A1B4000000060391F4A40","6.853858470916748","52.24393844604492","None","VR193F","1","2022-12-02 11:17:04.724064+01:00"
"13","a8:17:58:ff:fe:03:62:c2","-infinity","infinity","0101000020E610000000000040716A1B4000000080361F4A40","6.853947639465332","52.24385070800781","None","VR193I","1","2022-12-02 11:17:04.725853+01:00"
"14","a8:17:58:ff:fe:03:62:c3","-infinity","infinity","0101000020E6100000000000405E6A1B40000000E0331F4A40","6.853875160217285","52.243770599365234","None","VR193K","1","2022-12-02 11:17:04.727663+01:00"
"15","a8:17:58:ff:fe:03:62:c5","-infinity","infinity","0101000020E610000000000080456A1B4000000060311F4A40","6.853780746459961","52.24369430541992","None","VR193N","1","2022-12-02 11:17:04.729305+01:00"
"16","a8:17:58:ff:fe:03:62:c7","-infinity","infinity","0101000020E6100000A014DB8697691B403896B156291F4A40","6.853117091294877","52.24344905539732","None","VR248","2","2022-12-02 11:17:04.730851+01:00"
"17","a8:17:58:ff:fe:03:62:c9","-infinity","infinity","0101000020E6100000800F9DD3D6691B4058F3D44F391F4A40","6.853358561001983","52.24393651864983","None","VR275B","2","2022-12-02 11:17:04.732548+01:00"
"18","a8:17:58:ff:fe:03:62:ca","-infinity","infinity","0101000020E6100000406320B1F7691B40CC73B23F381F4A40","6.853483932115353","52.243904077658584","None","VR275E","2","2022-12-02 11:17:04.734491+01:00"
"19","a8:17:58:ff:fe:03:62:cb","-infinity","infinity","0101000020E6100000000000201A6A1B4000000080391F4A40","6.8536152839660645","52.24394226074219","None","VR275G","2","2022-12-02 11:17:04.736185+01:00"
"20","a8:17:58:ff:fe:03:62:cc","-infinity","infinity","0101000020E6100000C0A633E580691B40C0275E7B2A1F4A40","6.853030759122419","52.24348394486833","None","VR257","2","2022-12-02 11:17:04.737921+01:00"
"21","a8:17:58:ff:fe:04:64:a4","-infinity","infinity","0101000020E6100000000000203D6A1B40000000A0361F4A40","6.853748798370361","52.24385452270508","None","VR191","1","2022-12-02 11:17:04.739892+01:00"
"22","a8:17:58:ff:fe:04:64:a5","-infinity","infinity","0101000020E610000000000000BA691B4000000000301F4A40","6.853248596191406","52.24365234375","None","VR254","2","2022-12-02 11:17:04.741666+01:00"
"23","a8:17:58:ff:fe:04:85:75","-infinity","infinity","0101000020E6100000E0E48D3478661B4080C1EBBDB31E4A40","6.850067921791577","52.23986028682248","None","SP226","2","2022-12-02 11:17:04.743500+01:00"
"24","a8:17:58:ff:fe:04:85:76","-infinity","infinity","0101000020E61000001B5FD9BC326A1B40C838B4143C1F4A40","6.853709173934273","52.24402102279561","None","VR275J","2","2023-06-13 14:27:11.535349+02:00"
"25","a8:17:58:ff:fe:04:85:77","-infinity","infinity","0101000020E6100000000000605A6A1B4000000060391F4A40","6.853860378265381","52.24393844604492","None","VR275L","2","2022-12-02 11:17:04.747066+01:00"
"26","a8:17:58:ff:fe:04:85:78","-infinity","infinity","0101000020E6100000000000A0716A1B4000000060361F4A40","6.853949069976807","52.24384689331055","None","VR275O","2","2022-12-02 11:17:04.748779+01:00"
"27","a8:17:58:ff:fe:04:85:79","-infinity","infinity","0101000020E6100000000000C05E6A1B40000000E0331F4A40","6.853877067565918","52.243770599365234","None","VR275Q","2","2022-12-02 11:17:04.750424+01:00"
"28","a8:17:58:ff:fe:04:85:7a","-infinity","infinity","0101000020E610000000000040456A1B4000000060311F4A40","6.8537797927856445","52.24369430541992","None","VR275T","2","2022-12-02 11:17:04.752088+01:00"
"29","a8:17:58:ff:fe:04:85:7b","-infinity","infinity","0101000020E6100000DDDBBC74C7691B40927C774F381F4A40","6.853299926783589","52.24390595754916","None","VR275A","2","2023-06-13 14:27:10.888795+02:00"
"30","a8:17:58:ff:fe:04:85:7c","-infinity","infinity","0101000020E6100000D379CDDA67691B4092549AF02B1F4A40","6.85293523673177","52.24352843795454","None","VR259","2","2023-06-13 14:27:09.061514+02:00"
"31","a8:17:58:ff:fe:04:85:7d","-infinity","infinity","0101000020E610000002FCC09996691B406522A9D0311F4A40","6.853113558200677","52.24370773561967","None","VR261","2","2023-06-13 14:27:10.392093+02:00"
"32","a8:17:58:ff:fe:04:85:7e","-infinity","infinity","0101000020E610000061749651A7691B40F1AE14DA331F4A40","6.853177332695027","52.24376989374094","None","VR262","2","2023-06-13 14:27:09.612970+02:00"
"33","00:04:a3:0b:00:1b:a3:b3","-infinity","infinity","0101000020E610000000000080046A1B4000000040361F4A40","6.853532791137695","52.24384307861328","None","VR179","1","2022-12-02 11:17:04.759792+01:00"
"34","00:04:a3:0b:00:20:31:e3","-infinity","infinity","0101000020E610000000000060FE691B4000000080381F4A40","6.853509426116943","52.24391174316406","None","VR174","1","2022-12-02 11:17:04.761730+01:00"
"35","00:04:a3:0b:00:1e:b2:4f","-infinity","infinity","0101000020E6100000C074FE69A3691B40F8DAF6DB281F4A40","6.853162437587514","52.24343442491039","None","VR247","2","2022-12-02 11:17:04.763514+01:00"
"36","00:04:a3:0b:00:1e:40:19","-infinity","infinity","0101000020E6100000000000E0246A1B4000000060331F4A40","6.85365629196167","52.24375534057617","None","VR191B","1","2022-12-02 11:17:04.765414+01:00"
"37","00:04:a3:0b:00:1e:43:c9","-infinity","infinity","0101000020E6100000209048B4DF691B40106C055F3A1F4A40","6.853392426422971","52.24396884693863","None","VR275C","2","2022-12-02 11:17:04.767314+01:00"
"38","00:04:a3:0b:00:20:48:02","-infinity","infinity","0101000020E6100000000000200A6A1B4000000000381F4A40","6.8535542488098145","52.243896484375","None","VR176","1","2022-12-02 11:17:04.769072+01:00"
"39","00:04:a3:0b:00:1f:e7:bd","-infinity","infinity","0101000020E6100000000000C06B6A1B40000000A0351F4A40","6.853926658630371","52.24382400512695","None","VR193J","1","2022-12-02 11:17:04.771040+01:00"
"40","00:04:a3:0b:00:1f:bd:e4","-infinity","infinity","0101000020E6100000E0D60BCDF9691B4098956282381F4A40","6.8534919775463266","52.24391202748956","None","VR275E","2","2022-12-02 11:17:04.772742+01:00"
"41","00:04:a3:0b:00:20:18:50","-infinity","infinity","0101000020E6100000000000201A6A1B4000000080391F4A40","6.8536152839660645","52.24394226074219","None","VR275G","2","2022-12-02 11:17:04.774414+01:00"
"42","00:04:a3:0b:00:20:3b:74","-infinity","infinity","0101000020E610000000000080576A1B4000000020331F4A40","6.853849411010742","52.24374771118164","None","VR275R","2","2022-12-02 11:17:04.776067+01:00"
"43","00:04:a3:0b:00:1f:bf:2c","-infinity","infinity","0101000020E6100000000000007F6A1B4000000080381F4A40","6.854000091552734","52.24391174316406","None","VR275M","2","2022-12-02 11:17:04.777733+01:00"
"44","00:04:a3:0b:00:20:00:58","-infinity","infinity","0101000020E6100000C0DEDF3B8C691B4094A6D1E7291F4A40","6.853074012316654","52.243466355675224","None","VR256","2","2022-12-02 11:17:04.779430+01:00"
"45","00:04:a3:0b:00:1f:ff:ca","-infinity","infinity","0101000020E610000000000040216A1B40000000403A1F4A40","6.853642463684082","52.24396514892578","None","VR193B","1","2022-12-02 11:17:04.781071+01:00"
"46","00:04:a3:0b:00:1e:9b:95","-infinity","infinity","0101000020E610000000000000106A1B40000000C0371F4A40","6.85357666015625","52.24388885498047","None","VR177","1","2022-12-02 11:17:04.782516+01:00"
"47","00:04:a3:0b:00:1e:7e:d4","-infinity","infinity","0101000020E6100000000000804D6A1B40000000003A1F4A40","6.853811264038086","52.24395751953125","None","VR193E","1","2022-12-02 11:17:04.783998+01:00"
"48","00:04:a3:0b:00:20:32:b4","-infinity","infinity","0101000020E610000060229E9F67661B407895FF6BB31E4A40","6.850004667307616","52.23985052089387","None","SP226","2","2024-02-13 14:10:17.179585+01:00"
"49","00:04:a3:0b:00:1f:ff:da","-infinity","infinity","0101000020E6100000000000207F6A1B4000000080381F4A40","6.854000568389893","52.24391174316406","None","VR193G","1","2022-12-02 11:17:04.786950+01:00"
"50","00:04:a3:0b:00:20:3a:13","-infinity","infinity","0101000020E610000000000080F8691B40000000E0381F4A40","6.853487014770508","52.24392318725586","None","VR173","1","2022-12-02 11:17:04.788615+01:00"
"51","00:04:a3:0b:00:1f:e9:43","-infinity","infinity","0101000020E6100000A04B591575691B4040092F122B1F4A40","6.85298570020214","52.24350192352949","None","VR258","2","2022-12-02 11:17:04.790093+01:00"
"52","00:04:a3:0b:00:1f:ea:11","-infinity","infinity","0101000020E610000000000020576A1B4000000020331F4A40","6.853847980499268","52.24374771118164","None","VR193L","1","2022-12-02 11:17:04.791520+01:00"
"53","00:04:a3:0b:00:1f:c9:e3","-infinity","infinity","0101000020E610000080859E27D8691B4054219391391F4A40","6.853363627481826","52.24394435581294","None","VR275B","2","2022-12-02 11:17:04.792958+01:00"
"54","00:04:a3:0b:00:20:4a:53","-infinity","infinity","0101000020E6100000000000406C6A1B40000000A0351F4A40","6.853928565979004","52.24382400512695","None","VR275P","2","2022-12-02 11:17:04.794512+01:00"
"55","00:04:a3:0b:00:1f:96:0a","-infinity","infinity","0101000020E6100000000000004E6A1B40000000003A1F4A40","6.853813171386719","52.24395751953125","None","VR275K","2","2022-12-02 11:17:04.796070+01:00"
"56","00:04:a3:0b:00:1f:92:ee","-infinity","infinity","0101000020E610000000000060216A1B40000000403A1F4A40","6.85364294052124","52.24396514892578","None","VR275H","2","2022-12-02 11:17:04.797594+01:00"
"57","00:04:a3:0b:00:1f:e2:1c","-infinity","infinity","0101000020E610000000000040046A1B4000000040381F4A40","6.853531837463379","52.24390411376953","None","VR175","1","2022-12-02 11:17:04.799104+01:00"
"58","00:04:a3:0b:00:1f:df:5f","-infinity","infinity","0101000020E61000005D6855D46C6C1B4015105BE8A11E4A40","6.855883901322241","52.23931602903773","None","RA3231","3","2023-06-13 14:23:10.873875+02:00"
"59","00:04:a3:0b:00:1f:de:f2","-infinity","infinity","0101000020E610000038E992602C6C1B40F4DC697EA71E4A40","6.855638035742508","52.239486505213705","None","RA1501","1","2023-06-13 14:22:34.745607+02:00"
"60","00:04:a3:0b:00:20:38:56","-infinity","infinity","0101000020E610000098AF2F957B6C1B40153934C2A31E4A40","6.855940180812375","52.239372516154766","None","RA2237","2","2023-06-13 14:22:49.283309+02:00"
"61","00:04:a3:0b:00:20:1f:f0","-infinity","infinity","0101000020E6100000F29D85D16C6C1B408A9C69E9A11E4A40","6.8558838594249085","52.23931615502177","None","RA2231","2","2023-06-13 14:22:47.376456+02:00"
"62","00:04:a3:0b:00:1f:95:8f","-infinity","infinity","0101000020E61000008E80599CCA6B1B4068EF93B7A81E4A40","6.855265086138514","52.239523837312674","None","RA3334","3","2023-06-13 14:23:13.728763+02:00"
"63","00:04:a3:0b:00:1f:fe:27","-infinity","infinity","0101000020E6100000E6CDD9CA7B6C1B40CA9A90C6A31E4A40","6.855940980476111","52.23937303601049","None","RA4237","4","2023-06-13 14:26:51.674356+02:00"
"64","00:04:a3:0b:00:1f:ca:c3","-infinity","infinity","0101000020E610000022D877DB6C6C1B40796774E8A11E4A40","6.8558840076348435","52.239316040838226","None","RA4231","4","2023-06-13 14:26:50.877094+02:00"
"65","00:04:a3:0b:00:20:38:b7","-infinity","infinity","0101000020E6100000D7B2F8C6CB6B1B4085B507D0A91E4A40","6.855269535951002","52.23955726982516","None","RA4336","4","2023-06-13 14:26:56.420429+02:00"
"66","00:04:a3:0b:00:1f:ff:1d","-infinity","infinity","0101000020E61000009CE48688C96B1B4057E5159EA71E4A40","6.855260976060119","52.23949028081068","None","RA4334","4","2023-06-13 14:26:55.826530+02:00"
"67","00:04:a3:0b:00:20:1a:5d","-infinity","infinity","0101000020E6100000D41E8A13556C1B406CE3F17FA91E4A40","6.8557932904293075","52.239547722920946","None","RA2504","2","2023-06-13 14:22:58.876113+02:00"
"68","00:04:a3:0b:00:20:49:5b","-infinity","infinity","0101000020E6100000226F5E93376C1B4044830EE1AA1E4A40","6.855680754317094","52.23958981712943","None","RA2502","2","2023-06-13 14:22:57.262329+02:00"
"69","00:04:a3:0b:00:20:1f:01","-infinity","infinity","0101000020E61000005BC1E7FD2D6C1B408172AAD09B1E4A40","6.855644194860669","52.2391300995123","None","RA3112","3","2023-06-13 14:23:09.183453+02:00"
"70","00:04:a3:0b:00:1f:c6:8b","-infinity","infinity","0101000020E61000009353AB7DDB6B1B40C6955CC99F1E4A40","6.855329478818834","52.23925129910235","None","RA1315","1","2023-06-13 14:22:14.658991+02:00"
"71","00:04:a3:0b:00:1f:de:f9","-infinity","infinity","0101000020E6100000C09692A7C16B1B404C6E8675AA1E4A40","6.85523092109878","52.23957699836737","None","RA2334","2","2024-03-11 16:32:22.631932+01:00"
"72","00:04:a3:0b:00:20:1a:45","-infinity","infinity","0101000020E61000005F59F3C47B6C1B40270083C6A31E4A40","6.855940892556048","52.23937302967561","None","RA3237","3","2023-06-13 14:23:11.813560+02:00"
"73","00:04:a3:0b:00:20:19:de","-infinity","infinity","0101000020E610000038E992602C6C1B40F4DC697EA71E4A40","6.855638035742508","52.239486505213705","None","RA1501","1","2023-06-13 14:22:36.057591+02:00"
"74","00:04:a3:0b:00:1f:a7:14","-infinity","infinity","0101000020E61000008E80599CCA6B1B4068EF93B7A81E4A40","6.855265086138514","52.239523837312674","None","RA3334","3","2023-06-13 14:23:14.195919+02:00"
"75","00:04:a3:0b:00:1f:df:bb","-infinity","infinity","0101000020E6100000A0B14D09D36B1B40F4E70D75A71E4A40","6.855297227255875","52.23948538950927","None","nighthawk0042","2","2024-03-11 16:31:41.122152+01:00"
"76","00:04:a3:0b:00:20:4a:4e","-infinity","infinity","0101000020E6100000601AF08B7C661B40006952ECB21E4A40","6.850084482698179","52.2398353006738","None","nighthawk0043","2","2024-02-13 14:11:23.515033+01:00"
"78","00:04:a3:0b:00:20:20:92","-infinity","infinity","0101000020E6100000A0CD61DDBC6B1B40082DB957A71E4A40","6.855212649435458","52.239481892984315","None","RA2334","2","2024-03-11 16:32:29.839824+01:00"
"79","00:04:a3:0b:00:1f:95:7b","-infinity","infinity","0101000020E610000038E992602C6C1B40F4DC697EA71E4A40","6.855638035742508","52.239486505213705","None","RA1501","1","2023-06-13 14:22:31.555532+02:00"
"80","00:04:a3:0b:00:1f:a7:bd","-infinity","infinity","0101000020E610000038E992602C6C1B40F4DC697EA71E4A40","6.855638035742508","52.239486505213705","None","RA1501","1","2023-06-13 14:22:33.282085+02:00"
"81","00:04:a3:0b:00:1f:bf:00","-infinity","infinity","0101000020E61000005F59F3C47B6C1B40270083C6A31E4A40","6.855940892556048","52.23937302967561","None","RA3237","3","2023-06-13 14:23:11.433964+02:00"
"82","00:04:a3:0b:00:20:4b:21","-infinity","infinity","0101000020E6100000E01B289CD66B1B40D40DEF0BAA1E4A40","6.8553108596306345","52.239564410901636","None","RA2334","2","2024-03-11 16:32:32.934630+01:00"
"83","a8:17:58:ff:fe:04:1e:32","-infinity","infinity","0101000020E61000000DC1AA218D6C1B4073C4C7B4A71E4A40","6.8560071239919695","52.23949298624293","None","RA5148","5","2023-06-13 14:27:03.925696+02:00"
"84","a8:17:58:ff:fe:04:1e:33","-infinity","infinity","0101000020E6100000C76025258D6C1B4073BD3AB5A71E4A40","6.856007175833105","52.239493039781244","None","RA4247","4","2023-06-13 14:26:54.152335+02:00"
"85","a8:17:58:ff:fe:04:1e:34","-infinity","infinity","0101000020E6100000DDD8AB092E6C1B403473E5D09B1E4A40","6.8556443701874885","52.23913012698759","None","RA4110","4","2023-06-13 14:26:49.524605+02:00"
"86","a8:17:58:ff:fe:04:81:65","-infinity","infinity","0101000020E61000007F47A34FCE6B1B4040ED0799A01E4A40","6.855279201832558","52.239276055212486","None","RA2314","2","2023-06-13 14:22:54.262747+02:00"
"87","a8:17:58:ff:fe:04:81:66","-infinity","infinity","0101000020E6100000F880DE1F836C1B40A9441C75A61E4A40","6.855968950229219","52.239454878619036","None","RA3245","3","2023-06-13 14:23:12.560111+02:00"
"88","a8:17:58:ff:fe:04:81:67","-infinity","infinity","0101000020E61000005BC1E7FD2D6C1B408172AAD09B1E4A40","6.855644194860669","52.2391300995123","None","RA3112","3","2023-06-13 14:23:09.618887+02:00"
"89","a8:17:58:ff:fe:04:81:68","-infinity","infinity","0101000020E6100000103550A0CD6B1B404CB103DD9F1E4A40","6.855276589293922","52.23925364189435","None","RA3411","3","2023-06-13 14:23:16.854161+02:00"
"90","a8:17:58:ff:fe:04:81:69","-infinity","infinity","0101000020E6100000103550A0CD6B1B404CB103DD9F1E4A40","6.855276589293922","52.23925364189435","None","RA3411","3","2023-06-13 14:23:17.346785+02:00"
"91","a8:17:58:ff:fe:04:81:6a","-infinity","infinity","0101000020E61000008E80599CCA6B1B4068EF93B7A81E4A40","6.855265086138514","52.239523837312674","None","RA3334","3","2023-06-13 14:23:15.065860+02:00"
"92","a8:17:58:ff:fe:04:81:6b","-infinity","infinity","0101000020E6100000103550A0CD6B1B404CB103DD9F1E4A40","6.855276589293922","52.23925364189435","None","RA3411","3","2023-06-13 14:23:17.825692+02:00"
"93","a8:17:58:ff:fe:04:81:6d","-infinity","infinity","0101000020E6100000BF9F1A6ECE6B1B409AFA3098A01E4A40","6.855279655814171","52.239275955119595","None","RA4411","4","2023-06-13 14:26:57.820906+02:00"
"94","a8:17:58:ff:fe:04:81:6e","-infinity","infinity","0101000020E6100000670671F92D6C1B40399689D09B1E4A40","6.855644128345012","52.23913008421045","None","RA5110","5","2023-06-13 14:27:02.846290+02:00"
"95","a8:17:58:ff:fe:04:d1:f3","-infinity","infinity","0101000020E61000001C84EFF42D6C1B4024BD1DD19B1E4A40","6.855644061201954","52.23913015319911","None","RA2209","2","2023-06-13 14:22:44.711914+02:00"
"96","a8:17:58:ff:fe:04:15:f3","-infinity","infinity","0101000020E6100000A591FB19A2701B40EB5C0FE8841E4A40","6.8599933681293","52.23843098402161","None","HCN100","1","2023-06-13 13:44:01.472705+02:00"
"97","a8:17:58:ff:fe:04:15:f5","-infinity","infinity","0101000020E6100000F8C71B3144701B40FD1EF223841E4A40","6.8596351311880355","52.23840760538403","None","HCWH111","1","2023-06-13 14:22:03.910261+02:00"
"98","a8:17:58:ff:fe:04:15:f6","-infinity","infinity","0101000020E6100000678B945930701B40023020AC851E4A40","6.8595594403185265","52.238454356876915","None","HCWH113","1","2023-06-13 14:22:09.957684+02:00"
"99","a8:17:58:ff:fe:04:15:f7","-infinity","infinity","0101000020E6100000005ACDFF93701B40E43A648D8C1E4A40","6.859939572247185","52.23866431612058","None","HCWH116","1","2023-06-13 14:30:06.703861+02:00"
"100","a8:17:58:ff:fe:03:62:ce","-infinity","infinity","0101000020E610000060CC738A3B6C1B407485A360AB1E4A40","6.855695880239267","52.23960502609671","None","UNKN01","1","2024-05-31 11:41:32.490109+02:00"
"101","a8:17:58:ff:fe:04:ba:1a","-infinity","infinity","None","None","None","None","UNKN02","0","2022-12-02 11:18:50.130574+01:00"
"102","a8:17:58:ff:fe:04:ba:1b","-infinity","infinity","None","None","None","None","UNKN03","0","2022-12-02 11:18:50.132322+01:00"
"103","a8:17:58:ff:fe:04:ba:1c","-infinity","infinity","None","None","None","None","UNKN04","0","2022-12-02 11:18:50.134213+01:00"
"104","a8:17:58:ff:fe:04:ba:1d","-infinity","infinity","None","None","None","None","UNKN05","0","2022-12-02 11:18:50.135978+01:00"
"105","a8:17:58:ff:fe:04:ba:1e","-infinity","infinity","None","None","None","None","UNKN06","0","2022-12-02 11:18:50.137858+01:00"
"106","a8:17:58:ff:fe:04:ba:1f","-infinity","infinity","None","None","None","None","UNKN07","0","2022-12-02 11:18:50.139702+01:00"
"107","a8:17:58:ff:fe:04:ba:20","-infinity","infinity","None","None","None","None","UNKN08","0","2022-12-02 11:18:50.141577+01:00"
"108","a8:17:58:ff:fe:04:ba:21","-infinity","infinity","None","None","None","None","UNKN09","0","2022-12-02 11:18:50.143378+01:00"
"109","33:34:37:39:72:37:90:08","-infinity","infinity","0101000020E6100000138E630A246C1B402586BC929A1E4A40","6.855606233908037","52.239092199375854","None","RA5108","5","2023-06-13 14:27:01.840312+02:00"
"110","35:34:31:36:51:37:8b:05","-infinity","infinity","None","None","None","None","UNKN10","0","2022-12-02 11:18:50.146703+01:00"
"111","35:34:31:36:54:37:7a:04","-infinity","infinity","0101000020E6100000244C22EFCC6B1B40486E8F219F1E4A40","6.855273949116086","52.239231295618595","None","RA4409","4","2023-06-13 14:26:57.216670+02:00"
"112","35:34:31:36:56:37:8b:05","-infinity","infinity","0101000020E6100000A9595B0F246C1B40629ED2929A1E4A40","6.855606307936264","52.23909220966449","None","RA3106","3","2023-06-13 14:23:08.452077+02:00"
"113","35:34:31:36:5a:37:7a:04","-infinity","infinity","0101000020E6100000AFF6ED05246C1B4058532D939A1E4A40","6.8556061674586735","52.23909225190317","None","RA2207","2","2023-06-13 14:22:41.751572+02:00"
"114","35:34:31:36:5b:37:6f:04","-infinity","infinity","0101000020E61000000FE3EA82D96B1B40A41D8690AB1E4A40","6.855321927629816","52.2396107344496","None","RA1342","1","2023-06-13 14:22:17.501547+02:00"
"115","35:34:31:36:5c:37:69:04","-infinity","infinity","0101000020E6100000103550A0CD6B1B404CB103DD9F1E4A40","6.855276589293922","52.23925364189435","None","RA3411","3","2023-06-13 14:23:15.922258+02:00"
"116","35:34:31:36:5c:37:6f:04","-infinity","infinity","0101000020E6100000226F5E93376C1B4044830EE1AA1E4A40","6.855680754317094","52.23958981712943","None","RA2502","2","2023-06-13 14:22:57.762182+02:00"
"117","35:34:31:36:5c:37:7a:04","-infinity","infinity","0101000020E610000001982D148D6C1B404B790DB8A71E4A40","6.856006922991583","52.23949337633038","None","RA1247","1","2023-06-13 14:22:12.688669+02:00"
"118","35:34:31:36:5d:37:6f:04","-infinity","infinity","0101000020E61000007C23F31B246C1B408BF915939A1E4A40","6.8556064955854445","52.23909224102962","None","RA4108","4","2023-06-13 14:26:47.528677+02:00"
"119","35:34:31:36:65:37:83:04","-infinity","infinity","0101000020E6100000670671F92D6C1B40399689D09B1E4A40","6.855644128345012","52.23913008421045","None","RA5110","5","2023-06-13 14:27:02.397614+02:00"
"120","35:34:31:36:65:37:87:05","-infinity","infinity","0101000020E6100000103550A0CD6B1B404CB103DD9F1E4A40","6.855276589293922","52.23925364189435","None","RA3411","3","2023-06-13 14:23:16.401823+02:00"
"121","35:34:31:36:6b:37:7a:04","-infinity","infinity","0101000020E6100000E321F9929C6C1B40CB131AA3A91E4A40","6.856066032844384","52.23955191396052","None","RA4253","4","2023-06-13 14:26:55.281545+02:00"
"122","35:34:31:36:6b:37:8a:04","-infinity","infinity","0101000020E610000071274D218D6C1B4005C14FB5A71E4A40","6.85600711854373","52.239493049566626","None","RA3247","3","2023-06-13 14:23:13.147702+02:00"
"123","35:34:31:36:6b:37:8c:05","-infinity","infinity","0101000020E6100000208931199C6C1B4045C2ED98A91E4A40","6.856064218185821","52.239550701230236","None","RA1255","1","2023-06-13 14:22:13.831871+02:00"
"124","35:34:31:36:6b:37:92:05","-infinity","infinity","0101000020E6100000C1D400269C6C1B404E23ED97A91E4A40","6.8560644090659375","52.23955058173179","None","RA2253","2","2023-06-13 14:22:52.864867+02:00"
"125","35:34:31:36:70:37:71:04","-infinity","infinity","0101000020E610000025FF8B24836C1B4063AB0F75A61E4A40","6.855969019932478","52.2394548727523","None","RA4245","4","2023-06-13 14:26:52.631875+02:00"
"126","35:34:31:36:71:37:81:04","-infinity","infinity","0101000020E61000008C14BA1F836C1B4090209F74A61E4A40","6.855968948109091","52.23945482034571","None","RA5146","5","2023-06-13 14:27:03.400878+02:00"
"127","35:34:31:36:7b:37:6e:04","-infinity","infinity","0101000020E61000008E80599CCA6B1B4068EF93B7A81E4A40","6.855265086138514","52.239523837312674","None","RA3334","3","2023-06-13 14:23:14.632878+02:00"
"128","35:31:31:39:55:37:6d:0b","-infinity","infinity","0101000020E610000000000000B36B1B40000000E0A11E4A40","6.855175018310547","52.239315032958984","None","RA1410-1-1","1","2022-12-02 11:18:50.177558+01:00"
"129","35:31:31:39:6f:37:7d:0f","-infinity","infinity","0101000020E6100000C0718767B76B1B4040E347D8A11E4A40","6.85519181980311","52.239314112759985","None","RA1410-1-2","1","2024-05-31 11:35:33.883997+02:00"
"130","35:31:31:39:60:37:71:0a","-infinity","infinity","0101000020E610000000157BFBBB6B1B40007F49D5A11E4A40","6.855209283244449","52.239313755881085","None","RA1410-1-3","1","2022-12-02 11:18:50.180805+01:00"
"131","35:31:31:39:81:37:7d:0f","-infinity","infinity","0101000020E6100000000000A0B26B1B40000000A0A11E4A40","6.855173587799072","52.23930740356445","None","RA1410-2-1","1","2022-12-02 11:18:50.182495+01:00"
"132","35:31:31:39:72:37:81:0f","-infinity","infinity","0101000020E61000006082B590B76B1B40CC771696A11E4A40","6.855192433432052","52.239306221934015","None","RA1410-2-2","1","2022-12-02 11:18:50.184095+01:00"
"133","35:31:31:39:66:37:82:0f","-infinity","infinity","0101000020E6100000406DA2C5BB6B1B4068989790A11E4A40","6.855208480871909","52.2393055668079","None","RA1410-2-3","1","2022-12-02 11:18:50.185704+01:00"
"134","35:31:31:39:50:37:82:0f","-infinity","infinity","0101000020E6100000000000C0B16B1B40000000E0A01E4A40","6.855170249938965","52.23928451538086","None","RA1410-3-1","1","2022-12-02 11:18:50.187327+01:00"
"135","35:31:31:39:78:37:83:0f","-infinity","infinity","0101000020E610000020329191B66B1B40B49184D9A01E4A40","6.855188631522225","52.239283742648155","None","RA1410-3-2","1","2022-12-02 11:18:50.188862+01:00"
"136","35:31:31:39:5c:37:7c:0f","-infinity","infinity","0101000020E6100000E013A01EBB6B1B40901A69D1A01E4A40","6.8552059922412525","52.23928277618427","None","RA1410-3-3","1","2022-12-02 11:18:50.190551+01:00"
"137","35:31:31:39:5f:37:7c:0f","-infinity","infinity","0101000020E6100000000000A0B16B1B40000000A0A01E4A40","6.855169773101807","52.23927688598633","None","RA1410-4-1","1","2022-12-02 11:18:50.192143+01:00"
"138","35:31:31:39:65:37:81:0a","-infinity","infinity","0101000020E61000006061E434B66B1B403C26B39BA01E4A40","6.855187250556213","52.2392763733628","None","RA1410-4-2","1","2022-12-02 11:18:50.193732+01:00"
"139","35:31:31:39:78:37:7f:0f","-infinity","infinity","0101000020E6100000C0C66DDCBA6B1B40F48C9E95A01E4A40","6.8552050058366945","52.23927564851502","None","RA1410-4-3","1","2022-12-02 11:18:50.195390+01:00"
"140","35:31:31:39:76:37:7d:0f","-infinity","infinity","0101000020E6100000000000C0B06B1B40000000E09F1E4A40","6.855166435241699","52.239253997802734","None","RA1410-5-1","1","2022-12-02 11:18:50.197029+01:00"
"141","35:31:31:39:7a:37:71:0a","-infinity","infinity","0101000020E6100000C09056C6B56B1B4034FA5CE59F1E4A40","6.855185603173766","52.23925463714514","None","RA1410-5-2","1","2024-05-31 11:35:18.243883+02:00"
"142","35:31:31:39:54:37:74:0b","-infinity","infinity","0101000020E6100000000000C0BA6B1B40000000E09F1E4A40","6.8552045822143555","52.239253997802734","None","RA1410-5-3","1","2022-12-02 11:18:50.200363+01:00"
"143","35:31:31:39:5e:37:82:0f","-infinity","infinity","0101000020E610000000000080B06B1B40000000809F1E4A40","6.855165481567383","52.23924255371094","None","RA1410-6-1","1","2022-12-02 11:18:50.202096+01:00"
"144","35:31:31:39:68:37:7b:0a","-infinity","infinity","0101000020E6100000000000A0B56B1B40000000809F1E4A40","6.855185031890869","52.23924255371094","None","RA1410-6-2","1","2022-12-02 11:18:50.203752+01:00"
"145","35:31:31:39:71:37:82:0f","-infinity","infinity","0101000020E610000020FF3742BA6B1B40BCC0B2819F1E4A40","6.855202707927475","52.23924275615852","None","RA1410-6-3","1","2022-12-02 11:18:50.205363+01:00"
"146","35:31:31:39:4a:37:71:0a","-infinity","infinity","0101000020E6100000000000A0AF6B1B40000000A09E1E4A40","6.855162143707275","52.23921585083008","None","RA1410-7-1","1","2022-12-02 11:18:50.207030+01:00"
"147","35:31:31:39:50:37:86:0f","-infinity","infinity","0101000020E6100000000000A0B46B1B40000000A09E1E4A40","6.8551812171936035","52.23921585083008","None","RA1410-7-2","1","2022-12-02 11:18:50.208671+01:00"
"148","35:31:31:39:4f:37:7f:0f","-infinity","infinity","0101000020E610000000000000B96B1B40000000A09E1E4A40","6.855197906494141","52.23921585083008","None","RA1410-7-3","1","2022-12-02 11:18:50.210363+01:00"
"149","35:31:31:39:5c:37:8e:0a","-infinity","infinity","0101000020E610000000000060AF6B1B40000000409E1E4A40","6.855161190032959","52.23920440673828","None","RA1410-8-1","1","2022-12-02 11:18:50.211888+01:00"
"150","35:31:31:39:6a:37:83:0f","-infinity","infinity","0101000020E6100000000000E0B36B1B40000000409E1E4A40","6.855178356170654","52.23920440673828","None","RA1410-8-2","1","2022-12-02 11:18:50.213377+01:00"
"151","35:31:31:39:72:37:87:0f","-infinity","infinity","0101000020E6100000000000C0B86B1B40000000409E1E4A40","6.855196952819824","52.23920440673828","None","RA1410-8-3","1","2022-12-02 11:18:50.214914+01:00"
"158","33:34:37:39:78:37:7b:09","-infinity","infinity","None","None","None","None","None","None","2023-05-30 11:22:11.883859+02:00"
"172","33:34:37:39:59:37:79:09","-infinity","infinity","None","None","None","None","None","None","2023-05-30 11:22:11.901154+02:00"
"205","a8:17:58:ff:fe:03:62:ab","-infinity","infinity","None","None","None","None","None","None","2023-05-30 11:22:11.992820+02:00"
"212","a8:17:58:ff:fe:03:62:b2","-infinity","infinity","None","None","None","None","None","None","2023-05-30 11:22:12.003449+02:00"
"222","a8:17:58:ff:fe:03:62:ad","-infinity","infinity","None","None","None","None","None","None","2023-05-30 11:22:12.016782+02:00"
"230","35:31:31:39:61:37:83:0f","-infinity","infinity","0101000020E6100000044C428D2A6C1B4065D38C9AA61E4A40","6.855631072207874","52.239459341776445","None","RA3501","3","2023-06-13 14:26:33.673484+02:00"
"232","35:31:31:39:7d:37:81:0b","-infinity","infinity","0101000020E6100000044C428D2A6C1B4065D38C9AA61E4A40","6.855631072207874","52.239459341776445","None","RA3501","3","2023-06-13 14:26:42.284955+02:00"
"233","35:31:31:39:56:37:81:0b","-infinity","infinity","0101000020E6100000044C428D2A6C1B4065D38C9AA61E4A40","6.855631072207874","52.239459341776445","None","RA3501","3","2023-06-13 14:26:28.251822+02:00"
"234","35:31:31:39:5e:37:80:0f","-infinity","infinity","0101000020E6100000044C428D2A6C1B4065D38C9AA61E4A40","6.855631072207874","52.239459341776445","None","RA3501","3","2023-06-13 14:26:31.048646+02:00"
"235","35:31:31:39:6f:37:74:0b","-infinity","infinity","0101000020E6100000044C428D2A6C1B4065D38C9AA61E4A40","6.855631072207874","52.239459341776445","None","RA3501","3","2023-06-13 14:26:39.602372+02:00"
"236","35:31:31:39:6f:37:85:0a","-infinity","infinity","0101000020E6100000044C428D2A6C1B4065D38C9AA61E4A40","6.855631072207874","52.239459341776445","None","RA3501","3","2023-06-13 14:26:39.889208+02:00"
"237","35:31:31:39:5b:37:7f:0b","-infinity","infinity","0101000020E6100000044C428D2A6C1B4065D38C9AA61E4A40","6.855631072207874","52.239459341776445","None","RA3501","3","2023-06-13 14:26:30.126840+02:00"
"238","35:31:31:39:61:37:6a:0b","-infinity","infinity","0101000020E6100000044C428D2A6C1B4065D38C9AA61E4A40","6.855631072207874","52.239459341776445","None","RA3501","3","2023-06-13 14:26:33.167158+02:00"
"239","35:31:31:39:63:37:80:0b","-infinity","infinity","0101000020E6100000044C428D2A6C1B4065D38C9AA61E4A40","6.855631072207874","52.239459341776445","None","RA3501","3","2023-06-13 14:26:34.180854+02:00"
"241","35:31:31:39:4a:37:78:0b","-infinity","infinity","0101000020E6100000044C428D2A6C1B4065D38C9AA61E4A40","6.855631072207874","52.239459341776445","None","RA3501","3","2023-06-13 14:26:23.924051+02:00"
"242","35:31:31:39:6b:37:70:0a","-infinity","infinity","0101000020E6100000044C428D2A6C1B4065D38C9AA61E4A40","6.855631072207874","52.239459341776445","None","RA3501","3","2023-06-13 14:26:36.461621+02:00"
"243","31:35:34:30:72:37:91:11","-infinity","infinity","None","None","None","None","None","None","2023-05-30 11:22:12.044251+02:00"
"244","35:31:31:39:51:37:81:0f","-infinity","infinity","0101000020E6100000044C428D2A6C1B4065D38C9AA61E4A40","6.855631072207874","52.239459341776445","None","RA3501","3","2023-06-13 14:26:26.692193+02:00"
"246","35:31:31:39:4d:37:81:0f","-infinity","infinity","0101000020E6100000044C428D2A6C1B4065D38C9AA61E4A40","6.855631072207874","52.239459341776445","None","RA3501","3","2023-06-13 14:26:24.806554+02:00"
"248","35:31:31:39:53:37:85:0b","-infinity","infinity","0101000020E6100000044C428D2A6C1B4065D38C9AA61E4A40","6.855631072207874","52.239459341776445","None","RA3501","3","2023-06-13 14:26:27.445960+02:00"
"250","35:31:31:39:6e:37:7d:0f","-infinity","infinity","0101000020E6100000044C428D2A6C1B4065D38C9AA61E4A40","6.855631072207874","52.239459341776445","None","RA3501","3","2023-06-13 14:26:38.680985+02:00"
"251","35:31:31:39:5f:37:91:0b","-infinity","infinity","0101000020E6100000044C428D2A6C1B4065D38C9AA61E4A40","6.855631072207874","52.239459341776445","None","RA3501","3","2023-06-13 14:26:32.030417+02:00"
"252","31:35:34:30:55:37:6a:11","-infinity","infinity","None","None","None","None","None","None","2023-05-30 11:22:12.055402+02:00"
"253","35:31:31:39:60:37:85:0f","-infinity","infinity","0101000020E6100000044C428D2A6C1B4065D38C9AA61E4A40","6.855631072207874","52.239459341776445","None","RA3501","3","2023-06-13 14:26:32.939072+02:00"
"254","35:31:31:39:6e:37:79:0b","-infinity","infinity","0101000020E6100000044C428D2A6C1B4065D38C9AA61E4A40","6.855631072207874","52.239459341776445","None","RA3501","3","2023-06-13 14:26:38.415921+02:00"
"255","31:35:34:30:72:37:67:11","-infinity","infinity","None","None","None","None","None","None","2023-05-30 11:22:12.059178+02:00"
"256","35:31:31:39:6b:37:8a:0b","-infinity","infinity","0101000020E6100000044C428D2A6C1B4065D38C9AA61E4A40","6.855631072207874","52.239459341776445","None","RA3501","3","2023-06-13 14:26:36.722452+02:00"
"257","35:31:31:39:6d:37:7c:0f","-infinity","infinity","0101000020E6100000044C428D2A6C1B4065D38C9AA61E4A40","6.855631072207874","52.239459341776445","None","RA3501","3","2023-06-13 14:26:37.619880+02:00"
"259","35:31:31:39:4f:37:71:0a","-infinity","infinity","0101000020E6100000044C428D2A6C1B4065D38C9AA61E4A40","6.855631072207874","52.239459341776445","None","RA3501","3","2023-06-13 14:26:25.962905+02:00"
"260","35:31:31:39:65:37:82:0f","-infinity","infinity","0101000020E6100000044C428D2A6C1B4065D38C9AA61E4A40","6.855631072207874","52.239459341776445","None","RA3501","3","2023-06-13 14:26:35.011382+02:00"
"261","35:31:31:39:6d:37:82:0b","-infinity","infinity","0101000020E6100000044C428D2A6C1B4065D38C9AA61E4A40","6.855631072207874","52.239459341776445","None","RA3501","3","2023-06-13 14:26:37.907898+02:00"
"263","35:31:31:39:4a:37:74:0b","-infinity","infinity","0101000020E6100000044C428D2A6C1B4065D38C9AA61E4A40","6.855631072207874","52.239459341776445","None","RA3501","3","2023-06-13 14:26:23.433194+02:00"
"264","35:31:31:39:77:37:71:0a","-infinity","infinity","0101000020E6100000044C428D2A6C1B4065D38C9AA61E4A40","6.855631072207874","52.239459341776445","None","RA3501","3","2023-06-13 14:26:40.436752+02:00"
"265","35:31:31:39:7c:37:85:0a","-infinity","infinity","0101000020E6100000044C428D2A6C1B4065D38C9AA61E4A40","6.855631072207874","52.239459341776445","None","RA3501","3","2023-06-13 14:26:42.068776+02:00"
"266","35:31:31:39:60:37:83:0f","-infinity","infinity","0101000020E6100000044C428D2A6C1B4065D38C9AA61E4A40","6.855631072207874","52.239459341776445","None","RA3501","3","2023-06-13 14:26:32.508012+02:00"
"267","31:35:34:30:4e:37:73:11","-infinity","infinity","None","None","None","None","None","None","2023-05-30 11:22:12.075059+02:00"
"268","35:31:31:39:67:37:81:0f","-infinity","infinity","0101000020E6100000044C428D2A6C1B4065D38C9AA61E4A40","6.855631072207874","52.239459341776445","None","RA3501","3","2023-06-13 14:26:35.540866+02:00"
"270","35:31:31:39:55:37:85:0b","-infinity","infinity","0101000020E6100000044C428D2A6C1B4065D38C9AA61E4A40","6.855631072207874","52.239459341776445","None","RA3501","3","2023-06-13 14:26:27.946807+02:00"
"272","35:31:31:39:80:37:83:0f","-infinity","infinity","0101000020E6100000044C428D2A6C1B4065D38C9AA61E4A40","6.855631072207874","52.239459341776445","None","RA3501","3","2023-06-13 14:26:43.356188+02:00"
"275","31:35:34:30:5c:37:72:11","-infinity","infinity","None","None","None","None","None","None","2023-05-30 11:22:12.086498+02:00"
"276","35:31:31:39:54:37:79:0b","-infinity","infinity","0101000020E6100000044C428D2A6C1B4065D38C9AA61E4A40","6.855631072207874","52.239459341776445","None","RA3501","3","2023-06-13 14:26:27.690490+02:00"
"277","35:31:31:39:5f:37:85:0b","-infinity","infinity","0101000020E6100000044C428D2A6C1B4065D38C9AA61E4A40","6.855631072207874","52.239459341776445","None","RA3501","3","2023-06-13 14:26:31.776270+02:00"
"278","35:31:31:39:6b:37:8b:0b","-infinity","infinity","0101000020E6100000044C428D2A6C1B4065D38C9AA61E4A40","6.855631072207874","52.239459341776445","None","RA3501","3","2023-06-13 14:26:37.030234+02:00"
"279","35:31:31:39:7c:37:74:0b","-infinity","infinity","0101000020E6100000044C428D2A6C1B4065D38C9AA61E4A40","6.855631072207874","52.239459341776445","None","RA3501","3","2023-06-13 14:26:40.996759+02:00"
"280","35:31:31:39:61:37:85:0b","-infinity","infinity","0101000020E6100000044C428D2A6C1B4065D38C9AA61E4A40","6.855631072207874","52.239459341776445","None","RA3501","3","2023-06-13 14:26:33.920859+02:00"
"281","31:35:34:30:56:37:72:11","-infinity","infinity","None","None","None","None","None","None","2023-05-30 11:22:12.094495+02:00"
"282","35:31:31:39:67:37:79:0b","-infinity","infinity","0101000020E6100000044C428D2A6C1B4065D38C9AA61E4A40","6.855631072207874","52.239459341776445","None","RA3501","3","2023-06-13 14:26:35.268486+02:00"
"284","35:31:31:39:57:37:79:0b","-infinity","infinity","0101000020E6100000044C428D2A6C1B4065D38C9AA61E4A40","6.855631072207874","52.239459341776445","None","RA3501","3","2023-06-13 14:26:28.556008+02:00"
"286","35:31:31:39:6d:37:8b:0a","-infinity","infinity","0101000020E6100000044C428D2A6C1B4065D38C9AA61E4A40","6.855631072207874","52.239459341776445","None","RA3501","3","2023-06-13 14:26:38.171816+02:00"
"287","35:31:31:39:5e:37:81:0f","-infinity","infinity","0101000020E6100000044C428D2A6C1B4065D38C9AA61E4A40","6.855631072207874","52.239459341776445","None","RA3501","3","2023-06-13 14:26:31.313381+02:00"
"288","35:31:31:39:5c:37:83:0b","-infinity","infinity","0101000020E6100000044C428D2A6C1B4065D38C9AA61E4A40","6.855631072207874","52.239459341776445","None","RA3501","3","2023-06-13 14:26:30.604398+02:00"
"289","31:35:34:30:5e:37:72:11","-infinity","infinity","None","None","None","None","None","None","2023-05-30 11:22:12.105279+02:00"
"292","35:31:31:39:6d:37:6d:0b","-infinity","infinity","0101000020E6100000044C428D2A6C1B4065D38C9AA61E4A40","6.855631072207874","52.239459341776445","None","RA3501","3","2023-06-13 14:26:37.355132+02:00"
"293","35:31:31:39:57:37:82:0b","-infinity","infinity","0101000020E6100000044C428D2A6C1B4065D38C9AA61E4A40","6.855631072207874","52.239459341776445","None","RA3501","3","2023-06-13 14:26:28.847099+02:00"
"294","35:31:31:39:7c:37:80:0b","-infinity","infinity","0101000020E6100000044C428D2A6C1B4065D38C9AA61E4A40","6.855631072207874","52.239459341776445","None","RA3501","3","2023-06-13 14:26:41.884725+02:00"
"295","35:31:31:39:4e:37:80:0f","-infinity","infinity","0101000020E6100000044C428D2A6C1B4065D38C9AA61E4A40","6.855631072207874","52.239459341776445","None","RA3501","3","2023-06-13 14:26:25.210389+02:00"
"296","35:31:31:39:69:37:87:0b","-infinity","infinity","0101000020E6100000044C428D2A6C1B4065D38C9AA61E4A40","6.855631072207874","52.239459341776445","None","RA3501","3","2023-06-13 14:26:36.124232+02:00"
"297","35:31:31:39:4e:37:85:0b","-infinity","infinity","0101000020E6100000044C428D2A6C1B4065D38C9AA61E4A40","6.855631072207874","52.239459341776445","None","RA3501","3","2023-06-13 14:26:25.572407+02:00"
"298","35:31:31:39:50:37:7f:0f","-infinity","infinity","0101000020E6100000044C428D2A6C1B4065D38C9AA61E4A40","6.855631072207874","52.239459341776445","None","RA3501","3","2023-06-13 14:26:26.357182+02:00"
"299","35:31:31:39:60:37:7c:0f","-infinity","infinity","0101000020E6100000044C428D2A6C1B4065D38C9AA61E4A40","6.855631072207874","52.239459341776445","None","RA3501","3","2023-06-13 14:26:32.337935+02:00"
"300","35:31:31:39:79:37:79:0b","-infinity","infinity","0101000020E6100000044C428D2A6C1B4065D38C9AA61E4A40","6.855631072207874","52.239459341776445","None","RA3501","3","2023-06-13 14:26:40.701319+02:00"
"303","35:31:31:39:61:37:79:0b","-infinity","infinity","0101000020E6100000044C428D2A6C1B4065D38C9AA61E4A40","6.855631072207874","52.239459341776445","None","RA3501","3","2023-06-13 14:26:33.419735+02:00"
"305","35:31:31:39:51:37:86:0b","-infinity","infinity","0101000020E6100000044C428D2A6C1B4065D38C9AA61E4A40","6.855631072207874","52.239459341776445","None","RA3501","3","2023-06-13 14:26:26.964251+02:00"
"306","35:31:31:39:69:37:83:0f","-infinity","infinity","0101000020E6100000044C428D2A6C1B4065D38C9AA61E4A40","6.855631072207874","52.239459341776445","None","RA3501","3","2023-06-13 14:26:35.821782+02:00"
"307","35:31:31:39:64:37:80:0b","-infinity","infinity","0101000020E6100000044C428D2A6C1B4065D38C9AA61E4A40","6.855631072207874","52.239459341776445","None","RA3501","3","2023-06-13 14:26:34.455493+02:00"
"308","31:35:34:30:73:37:88:11","-infinity","infinity","None","None","None","None","None","None","2023-05-30 11:22:12.127255+02:00"
"309","35:31:31:39:60:37:85:0b","-infinity","infinity","0101000020E6100000044C428D2A6C1B4065D38C9AA61E4A40","6.855631072207874","52.239459341776445","None","RA3501","3","2023-06-13 14:26:32.704042+02:00"
"312","35:31:31:39:58:37:82:0b","-infinity","infinity","0101000020E6100000044C428D2A6C1B4065D38C9AA61E4A40","6.855631072207874","52.239459341776445","None","RA3501","3","2023-06-13 14:26:29.350104+02:00"
"313","35:31:31:39:75:37:79:0b","-infinity","infinity","0101000020E6100000044C428D2A6C1B4065D38C9AA61E4A40","6.855631072207874","52.239459341776445","None","RA3501","3","2023-06-13 14:26:40.154406+02:00"
"314","35:31:31:39:7e:37:7f:0f","-infinity","infinity","0101000020E6100000044C428D2A6C1B4065D38C9AA61E4A40","6.855631072207874","52.239459341776445","None","RA3501","3","2023-06-13 14:26:42.988555+02:00"
"315","35:31:31:39:5d:37:79:0b","-infinity","infinity","0101000020E6100000044C428D2A6C1B4065D38C9AA61E4A40","6.855631072207874","52.239459341776445","None","RA3501","3","2023-06-13 14:26:30.830239+02:00"
"318","35:31:31:39:65:37:82:0b","-infinity","infinity","0101000020E6100000044C428D2A6C1B4065D38C9AA61E4A40","6.855631072207874","52.239459341776445","None","RA3501","3","2023-06-13 14:26:34.738505+02:00"
"319","35:31:31:39:52:37:82:0b","-infinity","infinity","0101000020E6100000044C428D2A6C1B4065D38C9AA61E4A40","6.855631072207874","52.239459341776445","None","RA3501","3","2023-06-13 14:26:27.218897+02:00"
"320","31:35:34:30:7d:37:89:11","-infinity","infinity","None","None","None","None","None","None","2023-05-30 11:22:12.148103+02:00"
"321","35:31:31:39:58:37:87:0b","-infinity","infinity","0101000020E6100000044C428D2A6C1B4065D38C9AA61E4A40","6.855631072207874","52.239459341776445","None","RA3501","3","2023-06-13 14:26:29.611410+02:00"
"322","31:35:34:30:4d:37:74:11","-infinity","infinity","None","None","None","None","None","None","2023-05-30 11:22:12.151184+02:00"
"323","35:31:31:39:4c:37:7f:0b","-infinity","infinity","0101000020E6100000044C428D2A6C1B4065D38C9AA61E4A40","6.855631072207874","52.239459341776445","None","RA3501","3","2023-06-13 14:26:24.384757+02:00"
"324","35:31:31:39:6e:37:82:0b","-infinity","infinity","0101000020E6100000044C428D2A6C1B4065D38C9AA61E4A40","6.855631072207874","52.239459341776445","None","RA3501","3","2023-06-13 14:26:39.267537+02:00"
"325","35:31:31:39:5f:37:6a:0b","-infinity","infinity","0101000020E6100000044C428D2A6C1B4065D38C9AA61E4A40","6.855631072207874","52.239459341776445","None","RA3501","3","2023-06-13 14:26:31.555462+02:00"
"328","35:31:31:39:57:37:85:0f","-infinity","infinity","0101000020E6100000044C428D2A6C1B4065D38C9AA61E4A40","6.855631072207874","52.239459341776445","None","RA3501","3","2023-06-13 14:26:29.110126+02:00"
"329","35:31:31:39:5c:37:82:0f","-infinity","infinity","0101000020E6100000044C428D2A6C1B4065D38C9AA61E4A40","6.855631072207874","52.239459341776445","None","RA3501","3","2023-06-13 14:26:30.331950+02:00"
"330","35:31:31:39:59:37:85:0b","-infinity","infinity","0101000020E6100000044C428D2A6C1B4065D38C9AA61E4A40","6.855631072207874","52.239459341776445","None","RA3501","3","2023-06-13 14:26:29.883201+02:00"
"362","a8:17:58:ff:fe:07:76:52","-infinity","infinity","None","None","None","None","None","None","2023-05-30 11:22:12.201796+02:00"
"363","a8:17:58:ff:fe:07:76:42","-infinity","infinity","None","None","None","None","None","None","2023-05-30 11:22:12.203136+02:00"
"364","a8:17:58:ff:fe:07:76:00","-infinity","infinity","None","None","None","None","None","None","2023-05-30 11:22:12.204608+02:00"
"365","a8:17:58:ff:fe:07:76:08","-infinity","infinity","None","None","None","None","None","None","2023-05-30 11:22:12.205896+02:00"
"366","a8:17:58:ff:fe:07:76:44","-infinity","infinity","None","None","None","None","None","None","2023-05-30 11:22:12.207352+02:00"
"367","a8:17:58:ff:fe:07:75:e6","-infinity","infinity","None","None","None","None","None","None","2023-05-30 11:22:12.208839+02:00"
"368","a8:17:58:ff:fe:07:76:46","-infinity","infinity","None","None","None","None","None","None","2023-05-30 11:22:12.210168+02:00"
"369","a8:17:58:ff:fe:07:75:f1","-infinity","infinity","None","None","None","None","None","None","2023-05-30 11:22:12.211549+02:00"
"370","a8:17:58:ff:fe:07:76:51","-infinity","infinity","None","None","None","None","None","None","2023-05-30 11:22:12.212871+02:00"
"371","a8:17:58:ff:fe:07:76:06","-infinity","infinity","None","None","None","None","None","None","2023-05-30 11:22:12.214035+02:00"
"372","a8:17:58:ff:fe:07:75:eb","-infinity","infinity","None","None","None","None","None","None","2023-05-30 11:22:12.215087+02:00"
"373","a8:17:58:ff:fe:07:76:41","-infinity","infinity","None","None","None","None","None","None","2023-05-30 11:22:12.216290+02:00"
"374","a8:17:58:ff:fe:07:75:f6","-infinity","infinity","None","None","None","None","None","None","2023-05-30 11:22:12.217424+02:00"
"375","a8:17:58:ff:fe:07:75:f4","-infinity","infinity","None","None","None","None","None","None","2023-05-30 11:22:12.218608+02:00"
"376","a8:17:58:ff:fe:07:76:12","-infinity","infinity","None","None","None","None","None","None","2023-05-30 11:22:12.219813+02:00"
"377","a8:17:58:ff:fe:07:76:07","-infinity","infinity","None","None","None","None","None","None","2023-05-30 11:22:12.221925+02:00"
"378","a8:17:58:ff:fe:07:75:ec","-infinity","infinity","None","None","None","None","None","None","2023-05-30 11:22:12.223184+02:00"
"379","a8:17:58:ff:fe:07:76:14","-infinity","infinity","None","None","None","None","None","None","2023-05-30 11:22:12.224471+02:00"
"380","a8:17:58:ff:fe:07:76:40","-infinity","infinity","None","None","None","None","None","None","2023-05-30 11:22:12.225703+02:00"
"381","a8:17:58:ff:fe:07:76:13","-infinity","infinity","None","None","None","None","None","None","2023-05-30 11:22:12.227136+02:00"
"382","a8:17:58:ff:fe:07:76:01","-infinity","infinity","None","None","None","None","None","None","2023-05-30 11:22:12.228535+02:00"
"383","a8:17:58:ff:fe:07:75:f5","-infinity","infinity","None","None","None","None","None","None","2023-05-30 11:22:12.230181+02:00"
"384","a8:17:58:ff:fe:07:75:e8","-infinity","infinity","None","None","None","None","None","None","2023-05-30 11:22:12.231415+02:00"
"385","a8:17:58:ff:fe:07:75:f0","-infinity","infinity","None","None","None","None","None","None","2023-05-30 11:22:12.232516+02:00"
"386","a8:17:58:ff:fe:07:76:3f","-infinity","infinity","None","None","None","None","None","None","2023-05-30 11:22:12.233739+02:00"
"387","a8:17:58:ff:fe:07:76:16","-infinity","infinity","None","None","None","None","None","None","2023-05-30 11:22:12.234789+02:00"
"388","a8:17:58:ff:fe:07:76:05","-infinity","infinity","None","None","None","None","None","None","2023-05-30 11:22:12.235846+02:00"
"389","a8:17:58:ff:fe:07:76:43","-infinity","infinity","None","None","None","None","None","None","2023-05-30 11:22:12.236828+02:00"
"390","a8:17:58:ff:fe:07:76:15","-infinity","infinity","None","None","None","None","None","None","2023-05-30 11:22:12.237935+02:00"
"391","a8:17:58:ff:fe:07:76:04","-infinity","infinity","None","None","None","None","None","None","2023-05-30 11:22:12.239072+02:00"
"392","a8:17:58:ff:fe:07:76:02","-infinity","infinity","None","None","None","None","None","None","2023-05-30 11:22:12.240179+02:00"
"393","a8:17:58:ff:fe:07:75:f2","-infinity","infinity","None","None","None","None","None","None","2023-05-30 11:22:12.241210+02:00"
"394","a8:17:58:ff:fe:07:75:ef","-infinity","infinity","None","None","None","None","None","None","2023-05-30 11:22:12.242263+02:00"
"395","a8:17:58:ff:fe:07:75:ea","-infinity","infinity","None","None","None","None","None","None","2023-05-30 11:22:12.243305+02:00"
"396","a8:17:58:ff:fe:07:76:59","-infinity","infinity","None","None","None","None","None","None","2023-05-30 11:22:12.244313+02:00"
"397","a8:17:58:ff:fe:07:76:56","-infinity","infinity","None","None","None","None","None","None","2023-05-30 11:22:12.245283+02:00"
"398","a8:17:58:ff:fe:07:76:53","-infinity","infinity","None","None","None","None","None","None","2023-05-30 11:22:12.246260+02:00"
"399","a8:17:58:ff:fe:07:75:ed","-infinity","infinity","None","None","None","None","None","None","2023-05-30 11:22:12.247352+02:00"
"400","a8:17:58:ff:fe:07:76:58","-infinity","infinity","None","None","None","None","None","1","2023-06-14 12:02:34.078446+02:00"
"401","a8:17:58:ff:fe:07:75:e9","-infinity","infinity","None","None","None","None","None","None","2023-05-30 11:22:12.249549+02:00"
"402","a8:17:58:ff:fe:07:75:f3","-infinity","infinity","None","None","None","None","None","None","2023-05-30 11:22:12.252255+02:00"
"403","a8:17:58:ff:fe:07:75:ee","-infinity","infinity","None","None","None","None","None","None","2023-05-30 11:22:12.254980+02:00"
"404","a8:17:58:ff:fe:07:76:55","-infinity","infinity","None","None","None","None","None","None","2023-05-30 11:22:12.257832+02:00"
"405","a8:17:58:ff:fe:07:76:57","-infinity","infinity","None","None","None","None","None","None","2023-05-30 11:22:12.260681+02:00"
"406","a8:17:58:ff:fe:07:76:47","-infinity","infinity","None","None","None","None","None","None","2023-05-30 11:22:12.263598+02:00"
"407","a8:17:58:ff:fe:07:76:54","-infinity","infinity","None","None","None","None","None","None","2023-05-30 11:22:12.266339+02:00"
"408","a8:17:58:ff:fe:07:76:03","-infinity","infinity","None","None","None","None","None","None","2023-05-30 11:22:12.269251+02:00"
"409","a8:17:58:ff:fe:07:75:e7","-infinity","infinity","None","None","None","None","None","None","2023-05-30 11:22:12.272219+02:00"
"410","a8:17:58:ff:fe:07:76:45","-infinity","infinity","None","None","None","None","None","None","2023-05-30 11:22:12.274933+02:00"
"413","a8:17:58:ff:fe:07:75:e5","-infinity","infinity","None","None","None","None","None","None","2023-05-30 11:22:31.738059+02:00"
"414","35:31:31:39:57:37:66:0b","-infinity","infinity","0101000020E6100000B339CAEA77661B40971A48A7B31E4A40","6.8500668226173955","52.23985758801171","None","SP226","2","2023-06-13 14:27:06.900721+02:00"